nique, wyncode, 6651 to pac dr, sunrise, fl, 33351, d.p.miller@gmail.com, 954-888-3460,dominiquemiller,,,
alex, wyncode, 98 ghghdn, sunrise, fl, 33331, d.p.miller@gmail.com, 954-777-3460
jim, wyncode, 576 fhgs ln, sunrise, fl, 33333, d.p.miller@gmail.com, 954-333-3460
john, wyncode, 7 nob hill ln, davie, fl, 33351, d.p.miller@gmail.com, 954-222-3460
steve, wyncode, 555 hill ln, weston, fl, 33332, d.p.miller@gmail.com, 954-215-3460
katlyn, wyncode, 1122 hill ln, plantation, fl, 33351, d.p.miller@gmail.com, 954-013-3460
beth, wyncode, 400 drl ln, sunrise, fl, 33351, d.p.miller@gmail.com, 954-203-3460
seth, wyncode,  nob hill ln, davie, fl, 33351, d.p.miller@gmail.com, 954-213-9999
eric, wyncode, ghgfh 345 ln, weston, fl, 33351, d.p.miller@gmail.com, 777-213-3460
dominique, wyncode, 1111 hill ln, sunrise, fl, 33351, d.p.miller@gmail.com, 888-213-3460
,,,,
